objective_number,objective_title,objective_repo,issue_number,issue_title,issue_repo,depth,pr_number,pr_title,pr_repo,pr_state,pr_url
1,L3 sub-issue for objective 1,kyle-lesinger/veda-subissue-seed,1,L3 sub-issue for objective 1,kyle-lesinger/veda-subissue-seed,0,4,Close #1 (seed),kyle-lesinger/veda-subissue-seed,CLOSED,https://github.com/kyle-lesinger/veda-subissue-seed/pull/4
1,L3 sub-issue for objective 1,kyle-lesinger/veda-subissue-seed,2,L4 sub-issue for objective 1,kyle-lesinger/veda-subissue-seed,0,5,Close #2 (seed),kyle-lesinger/veda-subissue-seed,MERGED,https://github.com/kyle-lesinger/veda-subissue-seed/pull/5
1,L3 sub-issue for objective 1,kyle-lesinger/veda-subissue-seed,3,L5 sub-issue for objective 1,kyle-lesinger/veda-subissue-seed,0,6,Close #3 (seed),kyle-lesinger/veda-subissue-seed,OPEN,https://github.com/kyle-lesinger/veda-subissue-seed/pull/6
2,L4 sub-issue for objective 1,kyle-lesinger/veda-subissue-seed,2,L4 sub-issue for objective 1,kyle-lesinger/veda-subissue-seed,0,5,Close #2 (seed),kyle-lesinger/veda-subissue-seed,MERGED,https://github.com/kyle-lesinger/veda-subissue-seed/pull/5
2,L4 sub-issue for objective 1,kyle-lesinger/veda-subissue-seed,3,L5 sub-issue for objective 1,kyle-lesinger/veda-subissue-seed,0,6,Close #3 (seed),kyle-lesinger/veda-subissue-seed,OPEN,https://github.com/kyle-lesinger/veda-subissue-seed/pull/6
3,L5 sub-issue for objective 1,kyle-lesinger/veda-subissue-seed,3,L5 sub-issue for objective 1,kyle-lesinger/veda-subissue-seed,0,6,Close #3 (seed),kyle-lesinger/veda-subissue-seed,OPEN,https://github.com/kyle-lesinger/veda-subissue-seed/pull/6
6,[26.3] DSE objective - MVP Portal: Setup hosting infrastructure for Disasters Portal,Disasters-Learning-Portal/disasters-portal,6,[26.3] DSE objective - MVP Portal: Setup hosting infrastructure for Disasters Portal,Disasters-Learning-Portal/disasters-portal,0,,,,,
6,[26.3] DSE objective - MVP Portal: Setup hosting infrastructure for Disasters Portal,Disasters-Learning-Portal/disasters-portal,79,MVP Portal: Deploy setup (main and PR previews),Disasters-Learning-Portal/disasters-portal,1,,,,,
7,[26.3] DSE Objective - Run through all pages and confirmation with Disasters staff,Disasters-Learning-Portal/disasters-portal,7,[26.3] DSE Objective - Run through all pages and confirmation with Disasters staff,Disasters-Learning-Portal/disasters-portal,0,,,,,
8,[26.3] DSE Objective - Create script for User Journey through website,Disasters-Learning-Portal/disasters-portal,8,[26.3] DSE Objective - Create script for User Journey through website,Disasters-Learning-Portal/disasters-portal,0,,,,,
9,[26.3] DSE Objective - Scope feedback delivery mechanisms,Disasters-Learning-Portal/disasters-portal,9,[26.3] DSE Objective - Scope feedback delivery mechanisms,Disasters-Learning-Portal/disasters-portal,0,,,,,
10,[26.3] DSE Objective - Process feedback and present back to ODSI,Disasters-Learning-Portal/disasters-portal,10,[26.3] DSE Objective - Process feedback and present back to ODSI,Disasters-Learning-Portal/disasters-portal,0,,,,,
11,[26.3] DSE Objective - Ingest collections for June MVP,Disasters-Learning-Portal/disasters-portal,11,[26.3] DSE Objective - Ingest collections for June MVP,Disasters-Learning-Portal/disasters-portal,0,,,,,
11,[26.3] DSE Objective - Ingest collections for June MVP,Disasters-Learning-Portal/disasters-portal,12,Ingest Black marble,Disasters-Learning-Portal/disasters-portal,1,,,,,
11,[26.3] DSE Objective - Ingest collections for June MVP,Disasters-Learning-Portal/disasters-portal,16,Ingest OPERA datasets,Disasters-Learning-Portal/disasters-portal,1,,,,,
11,[26.3] DSE Objective - Ingest collections for June MVP,Disasters-Learning-Portal/disasters-portal,17,Ingest Landsat datasets,Disasters-Learning-Portal/disasters-portal,1,,,,,
11,[26.3] DSE Objective - Ingest collections for June MVP,Disasters-Learning-Portal/disasters-portal,18,Ingest Planet datasets,Disasters-Learning-Portal/disasters-portal,1,,,,,
11,[26.3] DSE Objective - Ingest collections for June MVP,Disasters-Learning-Portal/disasters-portal,19,Ingest Sentinel 1 hydrosar,Disasters-Learning-Portal/disasters-portal,1,,,,,
11,[26.3] DSE Objective - Ingest collections for June MVP,Disasters-Learning-Portal/disasters-portal,20,Ingest near-realtime data <placeholder>,Disasters-Learning-Portal/disasters-portal,1,,,,,
11,[26.3] DSE Objective - Ingest collections for June MVP,Disasters-Learning-Portal/disasters-portal,22,Ingest GEDI <placeholder>,Disasters-Learning-Portal/disasters-portal,1,,,,,
11,[26.3] DSE Objective - Ingest collections for June MVP,Disasters-Learning-Portal/disasters-portal,138,Ingest Sentinel 2 True Color sub-daily,Disasters-Learning-Portal/disasters-portal,1,,,,,
11,[26.3] DSE Objective - Ingest collections for June MVP,Disasters-Learning-Portal/disasters-portal,139,Ingest Sentinel 2 mNDWI subdaily,Disasters-Learning-Portal/disasters-portal,1,,,,,
15,[26.3] DSE Objective - Create skeleton draft doc of the STM agenda,Disasters-Learning-Portal/disasters-portal,15,[26.3] DSE Objective - Create skeleton draft doc of the STM agenda,Disasters-Learning-Portal/disasters-portal,0,,,,,
72,Disasters - PI 26.1 Objective #1: Preparation for beta release,Disasters-Learning-Portal/veda-disasters,72,Disasters - PI 26.1 Objective #1: Preparation for beta release,Disasters-Learning-Portal/veda-disasters,0,,,,,
72,Disasters - PI 26.1 Objective #1: Preparation for beta release,Disasters-Learning-Portal/veda-disasters,65,Formal discussion on data processing workflows,Disasters-Learning-Portal/veda-disasters,1,,,,,
72,Disasters - PI 26.1 Objective #1: Preparation for beta release,Disasters-Learning-Portal/veda-disasters,33,Ingest and visualize data for Featured Stories,Disasters-Learning-Portal/veda-disasters,1,,,,,
72,Disasters - PI 26.1 Objective #1: Preparation for beta release,Disasters-Learning-Portal/veda-disasters,32,[Content] Ingest datasets for 202409 Hurricane Helene drcs_activation event,Disasters-Learning-Portal/veda-disasters,2,69,check Helene visualization,Disasters-Learning-Portal/veda-disasters,CLOSED,https://github.com/Disasters-Learning-Portal/veda-disasters/pull/69
72,Disasters - PI 26.1 Objective #1: Preparation for beta release,Disasters-Learning-Portal/veda-disasters,34,[Content] Create markdown files for 202409 Hurricane Helene drcs_activation event,Disasters-Learning-Portal/veda-disasters,2,,,,,
72,Disasters - PI 26.1 Objective #1: Preparation for beta release,Disasters-Learning-Portal/veda-disasters,37,[Content]   Event card gallery prototype - 202409 Hurricane Helene,Disasters-Learning-Portal/veda-disasters,2,41,Hurricane Helene markdown visualizations and Event story,Disasters-Learning-Portal/veda-disasters,CLOSED,https://github.com/Disasters-Learning-Portal/veda-disasters/pull/41
72,Disasters - PI 26.1 Objective #1: Preparation for beta release,Disasters-Learning-Portal/veda-disasters,93,[Content] Ingest datasets for Hurricane Milton,Disasters-Learning-Portal/veda-disasters,2,3,Add collection configs for Hurricane Milton,Disasters-Learning-Portal/disaster-data,OPEN,https://github.com/Disasters-Learning-Portal/disaster-data/pull/3
72,Disasters - PI 26.1 Objective #1: Preparation for beta release,Disasters-Learning-Portal/veda-disasters,94,[Content] Create markdown visualization page for Hurricane Milton,Disasters-Learning-Portal/veda-disasters,2,,,,,
72,Disasters - PI 26.1 Objective #1: Preparation for beta release,Disasters-Learning-Portal/veda-disasters,102,[Content] Visualize datasets within story Burma Earthquake,Disasters-Learning-Portal/veda-disasters,2,,,,,
72,Disasters - PI 26.1 Objective #1: Preparation for beta release,Disasters-Learning-Portal/veda-disasters,108,[Ingest] - Add Planet data to Disasters STAC,Disasters-Learning-Portal/veda-disasters,3,,,,,
72,Disasters - PI 26.1 Objective #1: Preparation for beta release,Disasters-Learning-Portal/veda-disasters,46,Dashboard team support veda-disasters instance,Disasters-Learning-Portal/veda-disasters,1,,,,,
72,Disasters - PI 26.1 Objective #1: Preparation for beta release,Disasters-Learning-Portal/veda-disasters,64,Setup page-specific Banners ,Disasters-Learning-Portal/veda-disasters,1,,,,,
72,Disasters - PI 26.1 Objective #1: Preparation for beta release,Disasters-Learning-Portal/veda-disasters,63,Move Tropical Cyclones dashboard to new location on website,Disasters-Learning-Portal/veda-disasters,1,,,,,
72,Disasters - PI 26.1 Objective #1: Preparation for beta release,Disasters-Learning-Portal/veda-disasters,60,Cannot iframe ESRI sites/dashboards hosted in EGIS,Disasters-Learning-Portal/veda-disasters,1,,,,,
72,Disasters - PI 26.1 Objective #1: Preparation for beta release,Disasters-Learning-Portal/veda-disasters,57,homepage iframe is currently set to fixed height/width,Disasters-Learning-Portal/veda-disasters,1,,,,,
72,Disasters - PI 26.1 Objective #1: Preparation for beta release,Disasters-Learning-Portal/veda-disasters,56,Data layers not displaying in CA Wildfires event,Disasters-Learning-Portal/veda-disasters,1,,,,,
72,Disasters - PI 26.1 Objective #1: Preparation for beta release,Disasters-Learning-Portal/veda-disasters,55,Legends in MDX figure blocks are incorrectly formatted,Disasters-Learning-Portal/veda-disasters,1,,,,,
72,Disasters - PI 26.1 Objective #1: Preparation for beta release,Disasters-Learning-Portal/veda-disasters,54,E&A does not load on first request after user selects dataset to add,Disasters-Learning-Portal/veda-disasters,1,,,,,
72,Disasters - PI 26.1 Objective #1: Preparation for beta release,Disasters-Learning-Portal/veda-disasters,88,Design Disasters portal homepage and look & feel,Disasters-Learning-Portal/veda-disasters,1,,,,,
73,Disasters - PI 26.1 Objective #2: DRCS activation and NRT workflow setup,Disasters-Learning-Portal/veda-disasters,73,Disasters - PI 26.1 Objective #2: DRCS activation and NRT workflow setup,Disasters-Learning-Portal/veda-disasters,0,,,,,
73,Disasters - PI 26.1 Objective #2: DRCS activation and NRT workflow setup,Disasters-Learning-Portal/veda-disasters,74,Create automation pipeline(s) for near real-time (NRT) data,Disasters-Learning-Portal/veda-disasters,1,,,,,
73,Disasters - PI 26.1 Objective #2: DRCS activation and NRT workflow setup,Disasters-Learning-Portal/veda-disasters,81,Re-organize NRT directory structure prior to completing lambda functions,Disasters-Learning-Portal/veda-disasters,2,,,,,
73,Disasters - PI 26.1 Objective #2: DRCS activation and NRT workflow setup,Disasters-Learning-Portal/veda-disasters,82,Publish Lucid chart workflows for near-real time data,Disasters-Learning-Portal/veda-disasters,2,,,,,
73,Disasters - PI 26.1 Objective #2: DRCS activation and NRT workflow setup,Disasters-Learning-Portal/veda-disasters,83,Create CI/CD pipeline for data downloading and visualization,Disasters-Learning-Portal/veda-disasters,2,,,,,
73,Disasters - PI 26.1 Objective #2: DRCS activation and NRT workflow setup,Disasters-Learning-Portal/veda-disasters,84,Explore methods for updating STAC with rotating collection,Disasters-Learning-Portal/veda-disasters,2,,,,,
73,Disasters - PI 26.1 Objective #2: DRCS activation and NRT workflow setup,Disasters-Learning-Portal/veda-disasters,61,New activation checklist,Disasters-Learning-Portal/veda-disasters,1,,,,,
75,Disasters - PI 26.1 Objective #3: Dataset Ingestion and Visualization,Disasters-Learning-Portal/veda-disasters,75,Disasters - PI 26.1 Objective #3: Dataset Ingestion and Visualization,Disasters-Learning-Portal/veda-disasters,0,,,,,
75,Disasters - PI 26.1 Objective #3: Dataset Ingestion and Visualization,Disasters-Learning-Portal/veda-disasters,71,Transfer Story content from NASA Applied Sciences to new Portal,Disasters-Learning-Portal/veda-disasters,1,,,,,
76,Disasters - PI 26.1 Objective #4: GIS Software Support,Disasters-Learning-Portal/veda-disasters,76,Disasters - PI 26.1 Objective #4: GIS Software Support,Disasters-Learning-Portal/veda-disasters,0,,,,,
76,Disasters - PI 26.1 Objective #4: GIS Software Support,Disasters-Learning-Portal/veda-disasters,85,STAC Connections - ArcGIS Pro,Disasters-Learning-Portal/veda-disasters,1,,,,,
76,Disasters - PI 26.1 Objective #4: GIS Software Support,Disasters-Learning-Portal/veda-disasters,101,WMTS Connections - VEDA STAC and ArcGIS Pro,Disasters-Learning-Portal/veda-disasters,1,,,,,
76,Disasters - PI 26.1 Objective #4: GIS Software Support,Disasters-Learning-Portal/veda-disasters,105,Cloud Store Connection Investigation - ArcGIS Pro,Disasters-Learning-Portal/veda-disasters,1,,,,,
76,Disasters - PI 26.1 Objective #4: GIS Software Support,Disasters-Learning-Portal/veda-disasters,106,WMTS-Tile Layer - ArcGIS Online,Disasters-Learning-Portal/veda-disasters,1,,,,,
76,Disasters - PI 26.1 Objective #4: GIS Software Support,Disasters-Learning-Portal/veda-disasters,109,GIBS/WMS - ArcGIS Pro,Disasters-Learning-Portal/veda-disasters,1,,,,,
77,Disasters - PI 26.1 Objective #5: Weekly training sessions for Disasters Team,Disasters-Learning-Portal/veda-disasters,77,Disasters - PI 26.1 Objective #5: Weekly training sessions for Disasters Team,Disasters-Learning-Portal/veda-disasters,0,,,,,
77,Disasters - PI 26.1 Objective #5: Weekly training sessions for Disasters Team,Disasters-Learning-Portal/veda-disasters,79,Update disaster-docs repo with training materials,Disasters-Learning-Portal/veda-disasters,1,,,,,
77,Disasters - PI 26.1 Objective #5: Weekly training sessions for Disasters Team,Disasters-Learning-Portal/veda-disasters,66,Create Training documents for Disasters Staff,Disasters-Learning-Portal/veda-disasters,1,,,,,
77,Disasters - PI 26.1 Objective #5: Weekly training sessions for Disasters Team,Disasters-Learning-Portal/veda-disasters,67,Instantiate a new repo - disasters-docs,Disasters-Learning-Portal/veda-disasters,2,,,,,
77,Disasters - PI 26.1 Objective #5: Weekly training sessions for Disasters Team,Disasters-Learning-Portal/veda-disasters,86,Create AWS and Grafana training material,Disasters-Learning-Portal/veda-disasters,2,,,,,
77,Disasters - PI 26.1 Objective #5: Weekly training sessions for Disasters Team,Disasters-Learning-Portal/veda-disasters,90,Create Training for JupyterHub and Data Conversions,Disasters-Learning-Portal/veda-disasters,2,,,,,
77,Disasters - PI 26.1 Objective #5: Weekly training sessions for Disasters Team,Disasters-Learning-Portal/veda-disasters,91,Create Introduction to STAC and Airflow Tutorial,Disasters-Learning-Portal/veda-disasters,2,,,,,
78,Disasters - PI 26.1 Objective #6: Complete domain migration from NCCS to VEDA,Disasters-Learning-Portal/veda-disasters,78,Disasters - PI 26.1 Objective #6: Complete domain migration from NCCS to VEDA,Disasters-Learning-Portal/veda-disasters,0,,,,,
78,Disasters - PI 26.1 Objective #6: Complete domain migration from NCCS to VEDA,Disasters-Learning-Portal/veda-disasters,19,implement disasters domain redirect,Disasters-Learning-Portal/veda-disasters,1,,,,,
79,[Seed]-[Objective 1]: COG pipeline hardening,Disasters-Learning-Portal/disasters-aws-conversion,79,[Seed]-[Objective 1]: COG pipeline hardening,Disasters-Learning-Portal/disasters-aws-conversion,0,,,,,
79,[Seed]-[Objective 1]: COG pipeline hardening,Disasters-Learning-Portal/disasters-aws-conversion,80,L1 sub-issue for objective 1,Disasters-Learning-Portal/disasters-aws-conversion,0,82,Close #80 (seed),Disasters-Learning-Portal/disasters-aws-conversion,OPEN,https://github.com/Disasters-Learning-Portal/disasters-aws-conversion/pull/82
79,[Seed]-[Objective 1]: COG pipeline hardening,Disasters-Learning-Portal/disasters-aws-conversion,81,L2 sub-issue for objective 1,Disasters-Learning-Portal/disasters-aws-conversion,0,83,Close #81 (seed),Disasters-Learning-Portal/disasters-aws-conversion,OPEN,https://github.com/Disasters-Learning-Portal/disasters-aws-conversion/pull/83
79,[Seed]-[Objective 1]: COG pipeline hardening,Disasters-Learning-Portal/disasters-aws-conversion,1,L3 sub-issue for objective 1,kyle-lesinger/veda-subissue-seed,0,4,Close #1 (seed),kyle-lesinger/veda-subissue-seed,CLOSED,https://github.com/kyle-lesinger/veda-subissue-seed/pull/4
79,[Seed]-[Objective 1]: COG pipeline hardening,Disasters-Learning-Portal/disasters-aws-conversion,2,L4 sub-issue for objective 1,kyle-lesinger/veda-subissue-seed,0,5,Close #2 (seed),kyle-lesinger/veda-subissue-seed,MERGED,https://github.com/kyle-lesinger/veda-subissue-seed/pull/5
79,[Seed]-[Objective 1]: COG pipeline hardening,Disasters-Learning-Portal/disasters-aws-conversion,3,L5 sub-issue for objective 1,kyle-lesinger/veda-subissue-seed,0,6,Close #3 (seed),kyle-lesinger/veda-subissue-seed,OPEN,https://github.com/kyle-lesinger/veda-subissue-seed/pull/6
80,L1 sub-issue for objective 1,Disasters-Learning-Portal/disasters-aws-conversion,80,L1 sub-issue for objective 1,Disasters-Learning-Portal/disasters-aws-conversion,0,82,Close #80 (seed),Disasters-Learning-Portal/disasters-aws-conversion,OPEN,https://github.com/Disasters-Learning-Portal/disasters-aws-conversion/pull/82
80,L1 sub-issue for objective 1,Disasters-Learning-Portal/disasters-aws-conversion,81,L2 sub-issue for objective 1,Disasters-Learning-Portal/disasters-aws-conversion,0,83,Close #81 (seed),Disasters-Learning-Portal/disasters-aws-conversion,OPEN,https://github.com/Disasters-Learning-Portal/disasters-aws-conversion/pull/83
80,L1 sub-issue for objective 1,Disasters-Learning-Portal/disasters-aws-conversion,1,L3 sub-issue for objective 1,kyle-lesinger/veda-subissue-seed,0,4,Close #1 (seed),kyle-lesinger/veda-subissue-seed,CLOSED,https://github.com/kyle-lesinger/veda-subissue-seed/pull/4
80,L1 sub-issue for objective 1,Disasters-Learning-Portal/disasters-aws-conversion,2,L4 sub-issue for objective 1,kyle-lesinger/veda-subissue-seed,0,5,Close #2 (seed),kyle-lesinger/veda-subissue-seed,MERGED,https://github.com/kyle-lesinger/veda-subissue-seed/pull/5
80,L1 sub-issue for objective 1,Disasters-Learning-Portal/disasters-aws-conversion,3,L5 sub-issue for objective 1,kyle-lesinger/veda-subissue-seed,0,6,Close #3 (seed),kyle-lesinger/veda-subissue-seed,OPEN,https://github.com/kyle-lesinger/veda-subissue-seed/pull/6
81,L2 sub-issue for objective 1,Disasters-Learning-Portal/disasters-aws-conversion,81,L2 sub-issue for objective 1,Disasters-Learning-Portal/disasters-aws-conversion,0,83,Close #81 (seed),Disasters-Learning-Portal/disasters-aws-conversion,OPEN,https://github.com/Disasters-Learning-Portal/disasters-aws-conversion/pull/83
81,L2 sub-issue for objective 1,Disasters-Learning-Portal/disasters-aws-conversion,1,L3 sub-issue for objective 1,kyle-lesinger/veda-subissue-seed,0,4,Close #1 (seed),kyle-lesinger/veda-subissue-seed,CLOSED,https://github.com/kyle-lesinger/veda-subissue-seed/pull/4
81,L2 sub-issue for objective 1,Disasters-Learning-Portal/disasters-aws-conversion,2,L4 sub-issue for objective 1,kyle-lesinger/veda-subissue-seed,0,5,Close #2 (seed),kyle-lesinger/veda-subissue-seed,MERGED,https://github.com/kyle-lesinger/veda-subissue-seed/pull/5
81,L2 sub-issue for objective 1,Disasters-Learning-Portal/disasters-aws-conversion,3,L5 sub-issue for objective 1,kyle-lesinger/veda-subissue-seed,0,6,Close #3 (seed),kyle-lesinger/veda-subissue-seed,OPEN,https://github.com/kyle-lesinger/veda-subissue-seed/pull/6
142,[Disasters] PI 26.2 - Objective #1: Knowledge Management and Training,Disasters-Learning-Portal/veda-disasters,142,[Disasters] PI 26.2 - Objective #1: Knowledge Management and Training,Disasters-Learning-Portal/veda-disasters,0,,,,,
142,[Disasters] PI 26.2 - Objective #1: Knowledge Management and Training,Disasters-Learning-Portal/veda-disasters,143,Creation of Resource Plan Documentation,Disasters-Learning-Portal/veda-disasters,1,,,,,
142,[Disasters] PI 26.2 - Objective #1: Knowledge Management and Training,Disasters-Learning-Portal/veda-disasters,144,Creation of Automated Service Workflow documentation,Disasters-Learning-Portal/veda-disasters,1,,,,,
142,[Disasters] PI 26.2 - Objective #1: Knowledge Management and Training,Disasters-Learning-Portal/veda-disasters,145,Training for Disasters Staff,Disasters-Learning-Portal/veda-disasters,1,,,,,
142,[Disasters] PI 26.2 - Objective #1: Knowledge Management and Training,Disasters-Learning-Portal/veda-disasters,174,Implement survey to evaluate if learning objectives were met,Disasters-Learning-Portal/veda-disasters,0,,,,,
146,[Disasters] PI 26.2 - Objective #2: Technical Support,Disasters-Learning-Portal/veda-disasters,146,[Disasters] PI 26.2 - Objective #2: Technical Support,Disasters-Learning-Portal/veda-disasters,0,,,,,
146,[Disasters] PI 26.2 - Objective #2: Technical Support,Disasters-Learning-Portal/veda-disasters,149,Algorithm support,Disasters-Learning-Portal/veda-disasters,1,,,,,
146,[Disasters] PI 26.2 - Objective #2: Technical Support,Disasters-Learning-Portal/veda-disasters,182,Update image based on feedback from demo,Disasters-Learning-Portal/veda-disasters,2,,,,,
146,[Disasters] PI 26.2 - Objective #2: Technical Support,Disasters-Learning-Portal/veda-disasters,187,Suggestions for altering the Convert to COG code within Jupyterhub,Disasters-Learning-Portal/veda-disasters,2,,,,,
146,[Disasters] PI 26.2 - Objective #2: Technical Support,Disasters-Learning-Portal/veda-disasters,188,Create User Notebook showcasing CSDA bucket accessibility and functionality,Disasters-Learning-Portal/veda-disasters,2,,,,,
146,[Disasters] PI 26.2 - Objective #2: Technical Support,Disasters-Learning-Portal/veda-disasters,193,Integrate Satellogic code into algorithm pipeline,Disasters-Learning-Portal/veda-disasters,2,,,,,
146,[Disasters] PI 26.2 - Objective #2: Technical Support,Disasters-Learning-Portal/veda-disasters,194,Integrate Umbra code into algorithm pipeline,Disasters-Learning-Portal/veda-disasters,2,,,,,
146,[Disasters] PI 26.2 - Objective #2: Technical Support,Disasters-Learning-Portal/veda-disasters,195,Create a dev branch and DockerHub for testing,Disasters-Learning-Portal/veda-disasters,2,,,,,
146,[Disasters] PI 26.2 - Objective #2: Technical Support,Disasters-Learning-Portal/veda-disasters,215,Create Jupyter notebook to convert Black Marble HD to COG,Disasters-Learning-Portal/veda-disasters,2,,,,,
146,[Disasters] PI 26.2 - Objective #2: Technical Support,Disasters-Learning-Portal/veda-disasters,150,DAG Development,Disasters-Learning-Portal/veda-disasters,1,,,,,
146,[Disasters] PI 26.2 - Objective #2: Technical Support,Disasters-Learning-Portal/veda-disasters,151,Support for unallocated or anticipated questions from Disasters Staff,Disasters-Learning-Portal/veda-disasters,1,,,,,
146,[Disasters] PI 26.2 - Objective #2: Technical Support,Disasters-Learning-Portal/veda-disasters,162,Large dataset test,Disasters-Learning-Portal/veda-disasters,2,,,,,
146,[Disasters] PI 26.2 - Objective #2: Technical Support,Disasters-Learning-Portal/veda-disasters,184,Investigate and Document method for removing data access from Cloudfront,Disasters-Learning-Portal/veda-disasters,2,,,,,
146,[Disasters] PI 26.2 - Objective #2: Technical Support,Disasters-Learning-Portal/veda-disasters,185,Investigate why EGIS cannot access credentials from `get_temp_credentials`,Disasters-Learning-Portal/veda-disasters,2,,,,,
146,[Disasters] PI 26.2 - Objective #2: Technical Support,Disasters-Learning-Portal/veda-disasters,201,Create Jupyter Notebook for removing event name from file and adding to metadata,Disasters-Learning-Portal/veda-disasters,2,,,,,
146,[Disasters] PI 26.2 - Objective #2: Technical Support,Disasters-Learning-Portal/veda-disasters,163,Create JupyterNotebooks for Sentinel2 algorithms,Disasters-Learning-Portal/veda-disasters,1,,,,,
146,[Disasters] PI 26.2 - Objective #2: Technical Support,Disasters-Learning-Portal/veda-disasters,203,Complete the transformation of Landsat and Sentinel 2 from `prod` to `dev`,Disasters-Learning-Portal/veda-disasters,1,,,,,
146,[Disasters] PI 26.2 - Objective #2: Technical Support,Disasters-Learning-Portal/veda-disasters,204,Fork veda-data-template into Disasters Learning Portal,Disasters-Learning-Portal/veda-disasters,1,,,,,
146,[Disasters] PI 26.2 - Objective #2: Technical Support,Disasters-Learning-Portal/veda-disasters,285,Create ADR or PRD documents for planning,Disasters-Learning-Portal/veda-disasters,1,,,,,
148,[Disasters] PI 26.2 - Objective #5: Implement dev to prod pipeline,Disasters-Learning-Portal/veda-disasters,148,[Disasters] PI 26.2 - Objective #5: Implement dev to prod pipeline,Disasters-Learning-Portal/veda-disasters,0,,,,,
148,[Disasters] PI 26.2 - Objective #5: Implement dev to prod pipeline,Disasters-Learning-Portal/veda-disasters,154,Document dev to production pipeline (lucid chart),Disasters-Learning-Portal/veda-disasters,1,,,,,
148,[Disasters] PI 26.2 - Objective #5: Implement dev to prod pipeline,Disasters-Learning-Portal/veda-disasters,155,COG Validation design and testing,Disasters-Learning-Portal/veda-disasters,1,,,,,
148,[Disasters] PI 26.2 - Objective #5: Implement dev to prod pipeline,Disasters-Learning-Portal/veda-disasters,156,Move data from `dev` to `prod` in AWS,Disasters-Learning-Portal/veda-disasters,1,,,,,
148,[Disasters] PI 26.2 - Objective #5: Implement dev to prod pipeline,Disasters-Learning-Portal/veda-disasters,157,Auto updating of STAC collection when data moves into `prod` directory - IaC enabled,Disasters-Learning-Portal/veda-disasters,1,,,,,
152,"[Disasters] MILESTONE PI 26.2 - Objective #3: Portal Planning, Design & Development",Disasters-Learning-Portal/veda-disasters,152,"[Disasters] MILESTONE PI 26.2 - Objective #3: Portal Planning, Design & Development",Disasters-Learning-Portal/veda-disasters,0,,,,,
152,"[Disasters] MILESTONE PI 26.2 - Objective #3: Portal Planning, Design & Development",Disasters-Learning-Portal/veda-disasters,164,[Disasters] PI 26.2 O3 - add feedbucket,Disasters-Learning-Portal/veda-disasters,1,,,,,
152,"[Disasters] MILESTONE PI 26.2 - Objective #3: Portal Planning, Design & Development",Disasters-Learning-Portal/veda-disasters,166,[Disasters] PI 26.2 O3 - wireframe application build,Disasters-Learning-Portal/veda-disasters,1,,,,,
152,"[Disasters] MILESTONE PI 26.2 - Objective #3: Portal Planning, Design & Development",Disasters-Learning-Portal/veda-disasters,168,[Disasters] PI 26.2 O3 - Feb meeting prep - Themes template and about page design,Disasters-Learning-Portal/veda-disasters,1,,,,,
152,"[Disasters] MILESTONE PI 26.2 - Objective #3: Portal Planning, Design & Development",Disasters-Learning-Portal/veda-disasters,176,[Disasters] PI 26.2 O3 - Feb meeting prep - Update disasters.openveda.cloud prototype,Disasters-Learning-Portal/veda-disasters,1,,,,,
152,"[Disasters] MILESTONE PI 26.2 - Objective #3: Portal Planning, Design & Development",Disasters-Learning-Portal/veda-disasters,190,[Disasters] PI 26.2 O3 - Feb meeting prep - Requested changes for prototype,Disasters-Learning-Portal/veda-disasters,2,,,,,
152,"[Disasters] MILESTONE PI 26.2 - Objective #3: Portal Planning, Design & Development",Disasters-Learning-Portal/veda-disasters,181,[Disasters] PI 26.2 O3 - Feb meeting prep - QA/QC Prototype and demo ,Disasters-Learning-Portal/veda-disasters,2,,,,,
152,"[Disasters] MILESTONE PI 26.2 - Objective #3: Portal Planning, Design & Development",Disasters-Learning-Portal/veda-disasters,165,[Disasters] PI 26.2 O3 - Feb meeting prep - identify and document routing paths/structures for user personas,Disasters-Learning-Portal/veda-disasters,2,,,,,
152,"[Disasters] MILESTONE PI 26.2 - Objective #3: Portal Planning, Design & Development",Disasters-Learning-Portal/veda-disasters,191,[Disasters] PI 26.2 O3 - Compile list of components for visualization features,Disasters-Learning-Portal/veda-disasters,1,,,,,
152,"[Disasters] MILESTONE PI 26.2 - Objective #3: Portal Planning, Design & Development",Disasters-Learning-Portal/veda-disasters,170,[Disasters] PI 26.2 O3 - Portal Mobile designs,Disasters-Learning-Portal/veda-disasters,1,,,,,
152,"[Disasters] MILESTONE PI 26.2 - Objective #3: Portal Planning, Design & Development",Disasters-Learning-Portal/veda-disasters,169,[Disasters] PI 26.2 O3 - Data Portal and Resources & Learnings design (After Feb meeting),Disasters-Learning-Portal/veda-disasters,1,,,,,
152,"[Disasters] MILESTONE PI 26.2 - Objective #3: Portal Planning, Design & Development",Disasters-Learning-Portal/veda-disasters,177,[Disasters] PI 26.2 O3 - Stretch Goal: Integrate veda-ui within instance starter template,Disasters-Learning-Portal/veda-disasters,1,,,,,
152,"[Disasters] MILESTONE PI 26.2 - Objective #3: Portal Planning, Design & Development",Disasters-Learning-Portal/veda-disasters,186,[Disasters] PI 26.2 O3 - Doc: Portal Design and Development Roadmap,Disasters-Learning-Portal/veda-disasters,1,,,,,
152,"[Disasters] MILESTONE PI 26.2 - Objective #3: Portal Planning, Design & Development",Disasters-Learning-Portal/veda-disasters,196,[Disasters] PI 26.2 O3 - Figma Activation page design,Disasters-Learning-Portal/veda-disasters,1,,,,,
152,"[Disasters] MILESTONE PI 26.2 - Objective #3: Portal Planning, Design & Development",Disasters-Learning-Portal/veda-disasters,197,[Disasters] PI 26.2 O3 - Wireframe Custom Tool page design,Disasters-Learning-Portal/veda-disasters,1,,,,,
152,"[Disasters] MILESTONE PI 26.2 - Objective #3: Portal Planning, Design & Development",Disasters-Learning-Portal/veda-disasters,198,[Disasters] PI 26.2 O3 - Figma Data page design,Disasters-Learning-Portal/veda-disasters,1,,,,,
152,"[Disasters] MILESTONE PI 26.2 - Objective #3: Portal Planning, Design & Development",Disasters-Learning-Portal/veda-disasters,199,[Disasters] PI 26.2 O3 - Update Home Page Figma design,Disasters-Learning-Portal/veda-disasters,1,,,,,
152,"[Disasters] MILESTONE PI 26.2 - Objective #3: Portal Planning, Design & Development",Disasters-Learning-Portal/veda-disasters,242,[Disasters] PI 26.2 O3 - Update Home Page Figma design - v3,Disasters-Learning-Portal/veda-disasters,1,,,,,
152,"[Disasters] MILESTONE PI 26.2 - Objective #3: Portal Planning, Design & Development",Disasters-Learning-Portal/veda-disasters,243,[Disasters] PI 26.2 O3 - Figma Activation (Event) Template page design - v1,Disasters-Learning-Portal/veda-disasters,1,,,,,
152,"[Disasters] MILESTONE PI 26.2 - Objective #3: Portal Planning, Design & Development",Disasters-Learning-Portal/veda-disasters,244,[Disasters] PI 26.2 O3 - Figma Activation (Event) Template page design - v2,Disasters-Learning-Portal/veda-disasters,1,,,,,
152,"[Disasters] MILESTONE PI 26.2 - Objective #3: Portal Planning, Design & Development",Disasters-Learning-Portal/veda-disasters,245,[Disasters] PI 26.2 O3 - Figma Activation (Event) Template page design - v3,Disasters-Learning-Portal/veda-disasters,1,,,,,
152,"[Disasters] MILESTONE PI 26.2 - Objective #3: Portal Planning, Design & Development",Disasters-Learning-Portal/veda-disasters,246,[Disasters] PI 26.2 O3 - Figma Activation (Event) Template page design - v4,Disasters-Learning-Portal/veda-disasters,1,,,,,
152,"[Disasters] MILESTONE PI 26.2 - Objective #3: Portal Planning, Design & Development",Disasters-Learning-Portal/veda-disasters,247,[Disasters] PI 26.2 O3 - Figma Activation (Event) Minimal page design - v1,Disasters-Learning-Portal/veda-disasters,1,,,,,
152,"[Disasters] MILESTONE PI 26.2 - Objective #3: Portal Planning, Design & Development",Disasters-Learning-Portal/veda-disasters,248,[Disasters] PI 26.2 O3 - Figma Activation (Event) Minimal page design - v2,Disasters-Learning-Portal/veda-disasters,1,,,,,
152,"[Disasters] MILESTONE PI 26.2 - Objective #3: Portal Planning, Design & Development",Disasters-Learning-Portal/veda-disasters,249,[Disasters] PI 26.2 O3 - Figma Activation (Event) Minimal page design - v3,Disasters-Learning-Portal/veda-disasters,1,,,,,
152,"[Disasters] MILESTONE PI 26.2 - Objective #3: Portal Planning, Design & Development",Disasters-Learning-Portal/veda-disasters,250,[Disasters] PI 26.2 O3 - Figma Activation (Event) Minimal page design - v4,Disasters-Learning-Portal/veda-disasters,1,,,,,
152,"[Disasters] MILESTONE PI 26.2 - Objective #3: Portal Planning, Design & Development",Disasters-Learning-Portal/veda-disasters,251,[Disasters] PI 26.2 O3 - Figma Activation (Event) Rodust page design - v1,Disasters-Learning-Portal/veda-disasters,1,,,,,
152,"[Disasters] MILESTONE PI 26.2 - Objective #3: Portal Planning, Design & Development",Disasters-Learning-Portal/veda-disasters,252,[Disasters] PI 26.2 O3 - Figma Activation (Event) Robust page design - v2,Disasters-Learning-Portal/veda-disasters,1,,,,,
152,"[Disasters] MILESTONE PI 26.2 - Objective #3: Portal Planning, Design & Development",Disasters-Learning-Portal/veda-disasters,253,[Disasters] PI 26.2 O3 - Figma Activation (Event) Robust page design - v3,Disasters-Learning-Portal/veda-disasters,1,,,,,
152,"[Disasters] MILESTONE PI 26.2 - Objective #3: Portal Planning, Design & Development",Disasters-Learning-Portal/veda-disasters,254,[Disasters] PI 26.2 O3 - Figma Activation (Event) Robust page design - v4,Disasters-Learning-Portal/veda-disasters,1,,,,,
152,"[Disasters] MILESTONE PI 26.2 - Objective #3: Portal Planning, Design & Development",Disasters-Learning-Portal/veda-disasters,255,[Disasters] PI 26.2 O3 - Figma - Data Gallery Page - v1,Disasters-Learning-Portal/veda-disasters,1,,,,,
152,"[Disasters] MILESTONE PI 26.2 - Objective #3: Portal Planning, Design & Development",Disasters-Learning-Portal/veda-disasters,256,[Disasters] PI 26.2 O3 - Figma - Data Gallery Page - v2,Disasters-Learning-Portal/veda-disasters,1,,,,,
152,"[Disasters] MILESTONE PI 26.2 - Objective #3: Portal Planning, Design & Development",Disasters-Learning-Portal/veda-disasters,257,[Disasters] PI 26.2 O3 - Figma - Data Gallery Page - v3,Disasters-Learning-Portal/veda-disasters,1,,,,,
152,"[Disasters] MILESTONE PI 26.2 - Objective #3: Portal Planning, Design & Development",Disasters-Learning-Portal/veda-disasters,258,[Disasters] PI 26.2 O3 - Figma - Data Gallery Page - v4,Disasters-Learning-Portal/veda-disasters,1,,,,,
152,"[Disasters] MILESTONE PI 26.2 - Objective #3: Portal Planning, Design & Development",Disasters-Learning-Portal/veda-disasters,259,[Disasters] PI 26.2 O3 - Figma - Single Dataset Page - v1,Disasters-Learning-Portal/veda-disasters,1,,,,,
152,"[Disasters] MILESTONE PI 26.2 - Objective #3: Portal Planning, Design & Development",Disasters-Learning-Portal/veda-disasters,260,[Disasters] PI 26.2 O3 - Figma - Single Dataset Page - v2,Disasters-Learning-Portal/veda-disasters,1,,,,,
152,"[Disasters] MILESTONE PI 26.2 - Objective #3: Portal Planning, Design & Development",Disasters-Learning-Portal/veda-disasters,261,[Disasters] PI 26.2 O3 - Figma - Single Dataset Page - v3,Disasters-Learning-Portal/veda-disasters,1,,,,,
152,"[Disasters] MILESTONE PI 26.2 - Objective #3: Portal Planning, Design & Development",Disasters-Learning-Portal/veda-disasters,262,[Disasters] PI 26.2 O3 - Figma - Single Dataset Page - v4,Disasters-Learning-Portal/veda-disasters,1,,,,,
152,"[Disasters] MILESTONE PI 26.2 - Objective #3: Portal Planning, Design & Development",Disasters-Learning-Portal/veda-disasters,263,[Disasters] PI 26.2 O3 - Figma - Single Dataset Processing - v4,Disasters-Learning-Portal/veda-disasters,1,,,,,
152,"[Disasters] MILESTONE PI 26.2 - Objective #3: Portal Planning, Design & Development",Disasters-Learning-Portal/veda-disasters,264,[Disasters] PI 26.2 O3 - Figma - Single Dataset Processing - v1,Disasters-Learning-Portal/veda-disasters,1,,,,,
152,"[Disasters] MILESTONE PI 26.2 - Objective #3: Portal Planning, Design & Development",Disasters-Learning-Portal/veda-disasters,265,[Disasters] PI 26.2 O3 - Figma - Single Dataset Processing - v2,Disasters-Learning-Portal/veda-disasters,1,,,,,
152,"[Disasters] MILESTONE PI 26.2 - Objective #3: Portal Planning, Design & Development",Disasters-Learning-Portal/veda-disasters,266,[Disasters] PI 26.2 O3 - Figma - Single Dataset Processing - v3,Disasters-Learning-Portal/veda-disasters,1,,,,,
152,"[Disasters] MILESTONE PI 26.2 - Objective #3: Portal Planning, Design & Development",Disasters-Learning-Portal/veda-disasters,267,[Disasters] PI 26.2 O3 - Figma - Trainings landing page - v1,Disasters-Learning-Portal/veda-disasters,1,,,,,
152,"[Disasters] MILESTONE PI 26.2 - Objective #3: Portal Planning, Design & Development",Disasters-Learning-Portal/veda-disasters,268,[Disasters] PI 26.2 O3 - Figma - Trainings landing page - v2,Disasters-Learning-Portal/veda-disasters,1,,,,,
152,"[Disasters] MILESTONE PI 26.2 - Objective #3: Portal Planning, Design & Development",Disasters-Learning-Portal/veda-disasters,269,[Disasters] PI 26.2 O3 - Figma - Trainings landing page - v3,Disasters-Learning-Portal/veda-disasters,1,,,,,
152,"[Disasters] MILESTONE PI 26.2 - Objective #3: Portal Planning, Design & Development",Disasters-Learning-Portal/veda-disasters,270,[Disasters] PI 26.2 O3 - Figma - Trainings landing page - v4,Disasters-Learning-Portal/veda-disasters,1,,,,,
152,"[Disasters] MILESTONE PI 26.2 - Objective #3: Portal Planning, Design & Development",Disasters-Learning-Portal/veda-disasters,271,[Disasters] PI 26.2 O3 - Figma - News and Events landing page - v1,Disasters-Learning-Portal/veda-disasters,1,,,,,
152,"[Disasters] MILESTONE PI 26.2 - Objective #3: Portal Planning, Design & Development",Disasters-Learning-Portal/veda-disasters,272,[Disasters] PI 26.2 O3 - Figma - News and Events landing page - v2,Disasters-Learning-Portal/veda-disasters,1,,,,,
152,"[Disasters] MILESTONE PI 26.2 - Objective #3: Portal Planning, Design & Development",Disasters-Learning-Portal/veda-disasters,273,[Disasters] PI 26.2 O3 - Figma - News and Events landing page - v3,Disasters-Learning-Portal/veda-disasters,1,,,,,
152,"[Disasters] MILESTONE PI 26.2 - Objective #3: Portal Planning, Design & Development",Disasters-Learning-Portal/veda-disasters,274,[Disasters] PI 26.2 O3 - Figma - News and Events landing page - v4,Disasters-Learning-Portal/veda-disasters,1,,,,,
152,"[Disasters] MILESTONE PI 26.2 - Objective #3: Portal Planning, Design & Development",Disasters-Learning-Portal/veda-disasters,275,[Disasters] PI 26.2 O3 - Figma - Single Content Page template - v1,Disasters-Learning-Portal/veda-disasters,1,,,,,
152,"[Disasters] MILESTONE PI 26.2 - Objective #3: Portal Planning, Design & Development",Disasters-Learning-Portal/veda-disasters,276,[Disasters] PI 26.2 O3 - Figma - Single Content Page template - v2,Disasters-Learning-Portal/veda-disasters,1,,,,,
152,"[Disasters] MILESTONE PI 26.2 - Objective #3: Portal Planning, Design & Development",Disasters-Learning-Portal/veda-disasters,277,[Disasters] PI 26.2 O3 - Figma - Single Content Page template - v3,Disasters-Learning-Portal/veda-disasters,1,,,,,
152,"[Disasters] MILESTONE PI 26.2 - Objective #3: Portal Planning, Design & Development",Disasters-Learning-Portal/veda-disasters,278,[Disasters] PI 26.2 O3 - Figma - Search Results Page - v1,Disasters-Learning-Portal/veda-disasters,1,,,,,
152,"[Disasters] MILESTONE PI 26.2 - Objective #3: Portal Planning, Design & Development",Disasters-Learning-Portal/veda-disasters,279,[Disasters] PI 26.2 O3 - Figma - Search Results Page - v2,Disasters-Learning-Portal/veda-disasters,1,,,,,
152,"[Disasters] MILESTONE PI 26.2 - Objective #3: Portal Planning, Design & Development",Disasters-Learning-Portal/veda-disasters,280,[Disasters] PI 26.2 O3 - Figma - Search Results Page - v3,Disasters-Learning-Portal/veda-disasters,1,,,,,
152,"[Disasters] MILESTONE PI 26.2 - Objective #3: Portal Planning, Design & Development",Disasters-Learning-Portal/veda-disasters,281,[Disasters] PI 26.2 O3 - Figma - Search Results Page - v4,Disasters-Learning-Portal/veda-disasters,1,,,,,
152,"[Disasters] MILESTONE PI 26.2 - Objective #3: Portal Planning, Design & Development",Disasters-Learning-Portal/veda-disasters,282,[Disasters] PI 26.2 O3 - Figma - Custom Visualization tool - v1,Disasters-Learning-Portal/veda-disasters,1,,,,,
152,"[Disasters] MILESTONE PI 26.2 - Objective #3: Portal Planning, Design & Development",Disasters-Learning-Portal/veda-disasters,283,[Disasters] PI 26.2 O3 - Figma - Custom Visualization tool - v2,Disasters-Learning-Portal/veda-disasters,1,,,,,
152,"[Disasters] MILESTONE PI 26.2 - Objective #3: Portal Planning, Design & Development",Disasters-Learning-Portal/veda-disasters,284,[Disasters] PI 26.2 O3 - Figma - Custom Visualization tool - v3,Disasters-Learning-Portal/veda-disasters,1,,,,,
152,"[Disasters] MILESTONE PI 26.2 - Objective #3: Portal Planning, Design & Development",Disasters-Learning-Portal/veda-disasters,290,[Disasters] PI 26.2 O3 - Figma - Design to Development hand off,Disasters-Learning-Portal/veda-disasters,1,,,,,
152,"[Disasters] MILESTONE PI 26.2 - Objective #3: Portal Planning, Design & Development",Disasters-Learning-Portal/veda-disasters,294,[Disasters] PI 26.2 O3 - TINACMS - Kick off Documentation,Disasters-Learning-Portal/veda-disasters,1,,,,,
153,[Disasters] PI 26.2 - Objective #4: STAC Collection Ingestion,Disasters-Learning-Portal/veda-disasters,153,[Disasters] PI 26.2 - Objective #4: STAC Collection Ingestion,Disasters-Learning-Portal/veda-disasters,0,,,,,
153,[Disasters] PI 26.2 - Objective #4: STAC Collection Ingestion,Disasters-Learning-Portal/veda-disasters,160,Comprehensive list of ingested collections (Excel spreadsheet),Disasters-Learning-Portal/veda-disasters,1,,,,,
153,[Disasters] PI 26.2 - Objective #4: STAC Collection Ingestion,Disasters-Learning-Portal/veda-disasters,161,Ingest 2 collections into the Disasters STAC,Disasters-Learning-Portal/veda-disasters,1,,,,,
153,[Disasters] PI 26.2 - Objective #4: STAC Collection Ingestion,Disasters-Learning-Portal/veda-disasters,178,Turn auto-update-stac into a CI/CD workflow and test,Disasters-Learning-Portal/veda-disasters,1,,,,,
153,[Disasters] PI 26.2 - Objective #4: STAC Collection Ingestion,Disasters-Learning-Portal/veda-disasters,241,Create UAVSAR collections,Disasters-Learning-Portal/veda-disasters,1,,,,,
158,PI 26.2 - Stretch Objective #1: Documentation of External Datasets and potential for creation of EGIS Services,Disasters-Learning-Portal/veda-disasters,158,PI 26.2 - Stretch Objective #1: Documentation of External Datasets and potential for creation of EGIS Services,Disasters-Learning-Portal/veda-disasters,0,,,,,
158,PI 26.2 - Stretch Objective #1: Documentation of External Datasets and potential for creation of EGIS Services,Disasters-Learning-Portal/veda-disasters,18,Priority external datasets - Cloud-hosted,Disasters-Learning-Portal/veda-disasters,1,,,,,
158,PI 26.2 - Stretch Objective #1: Documentation of External Datasets and potential for creation of EGIS Services,Disasters-Learning-Portal/veda-disasters,179,Document data products and counterparts in CMR/ODR,Disasters-Learning-Portal/veda-disasters,2,,,,,
174,Implement survey to evaluate if learning objectives were met,Disasters-Learning-Portal/veda-disasters,174,Implement survey to evaluate if learning objectives were met,Disasters-Learning-Portal/veda-disasters,0,,,,,
323,"LOE Capacity Report — new ""Capacity Matrix"" dashboard view (people × objectives, grouped by Initiative)",Disasters-Learning-Portal/disasters-portal,323,"LOE Capacity Report — new ""Capacity Matrix"" dashboard view (people × objectives, grouped by Initiative)",Disasters-Learning-Portal/disasters-portal,0,,,,,
